400004584.jpg,83.7178
Flyer_EnergyWeek2017.jpg,83.7178
index.png,83.7178
НHС@(4).png,83.7178
ЛЮУsСхКw(3).png,83.7178
О╡Ч[Н╒2017Г`ГЙГVБEГ|ГXГ^Б[.jpg,83.7178
d0175096_222338.jpg,83.7178
poster_20111126.png,83.7178
h29shinngakusoudannkai.png,83.7178
musabi.png,83.7178
hokudai_midori2017.jpg,83.7178
20160922poster.png,83.7178
ЛЮУsСхКw (4).png,83.7178
20100916-sendenkaigi_tokyotech.jpg,83.7178
УМЛЮСхКw(1).png,83.7178
poster1_large.jpg,83.7178
УМЦkСхКw(2).jpg,83.7178
0518_2_hajimarinochi.jpg,83.7178
ЛЮУsСхКw(1).jpg,83.7178
УМЛЮСхКw(4).png,83.7178
img02-thumb-1030xauto-2.jpg,83.7178
НHС@ (2).jpg,83.7178
ad_uni1_tokyo1.jpg,83.7178
НHС@(1).jpg,83.7178
256ae44fd2c5ad07a0142ceb60d97942.jpg,83.7178
c53b1fe26d9247fb69502fdc59fbfb96.jpg,83.7178
УМЦkСхКw(1).png,83.7178
wst1501230001-p1.jpg,83.7178
502817ea1e95fb7f2ceb2b8e02363f75-729x1030.jpg,83.7178
НHС@ (3).jpg,83.7178
oc2013.jpg,83.7178
open_campus2012.jpg,83.7178
internationalfaculty03_l.jpg,83.7178
6qiUI8E.jpg,83.7178
obihiro.png,83.7178
BYzM4tfCUAEbjtr.jpg,83.7178
20150814.jpg,83.7178
ima-120531-poster-02.jpg,83.7178
cleave02_l.jpg,83.7178
toukou.png,83.7178
УМЛЮСхКw(3).png,83.7178
ЛЮУsСхКw (2).jpg,83.7178
biocon2017.jpg,83.7178
УМЛЮСхКw(2).png,83.7178
8172c5f620ea489f97b8bf9e4fe30a59.jpg,83.7178
oc2017-1.jpg,83.7178
works_kusciencefes2015.jpg,83.7178
УМЦkСхКw(3).png,83.7178
0518_1_img_jp.jpg,83.7178
