oc2013.jpg,87.4763
ЛЮУsСхКw(1).jpg,87.0149
20150814.jpg,86.9885
hokudai_midori2017.jpg,86.6811
open_campus2012.jpg,86.5767
УМЛЮСхКw(4).png,86.5735
ad_uni1_tokyo1.jpg,86.4054
256ae44fd2c5ad07a0142ceb60d97942.jpg,86.3854
ЛЮУsСхКw (2).jpg,86.3846
cleave02_l.jpg,86.3015
ЛЮУsСхКw(3).png,86.2915
c53b1fe26d9247fb69502fdc59fbfb96.jpg,86.2612
6qiUI8E.jpg,86.2166
BYzM4tfCUAEbjtr.jpg,86.2037
poster1_large.jpg,86.1656
biocon2017.jpg,86.1632
УМЛЮСхКw(1).png,86.1623
img02-thumb-1030xauto-2.jpg,86.1459
d0175096_222338.jpg,86.1128
О╡Ч[Н╒2017Г`ГЙГVБEГ|ГXГ^Б[.jpg,86.0767
8172c5f620ea489f97b8bf9e4fe30a59.jpg,86.0759
НHС@(4).png,86.0457
НHС@ (3).jpg,86.0043
works_kusciencefes2015.jpg,86.0021
УМЦkСхКw(3).png,85.992
НHС@(1).jpg,85.889
20100916-sendenkaigi_tokyotech.jpg,85.8139
ima-120531-poster-02.jpg,85.7702
internationalfaculty03_l.jpg,85.7257
0518_1_img_jp.jpg,85.6964
Flyer_EnergyWeek2017.jpg,85.6914
wst1501230001-p1.jpg,85.6878
УМЦkСхКw(1).png,85.6839
obihiro.png,85.6683
0518_2_hajimarinochi.jpg,85.6489
400004584.jpg,85.6291
502817ea1e95fb7f2ceb2b8e02363f75-729x1030.jpg,85.6197
ЛЮУsСхКw (4).png,85.5713
musabi.png,85.5303
h29shinngakusoudannkai.png,85.4711
УМЦkСхКw(2).jpg,85.462
toukou.png,85.4595
УМЛЮСхКw(2).png,85.0683
20160922poster.png,84.9357
УМЛЮСхКw(3).png,84.9246
oc2017-1.jpg,84.6353
НHС@ (2).jpg,84.5778
poster_20111126.png,69.0805
index.png,67.3866
